object,int64,object,int64,int64,int64,int64,int64,int64,object,float64,float64,float64,object,float64,object,float64,float64,float64,object,float64,object,float64,float64,float64,object,float64,object,float64,float64,float64,object,float64,float64,float64,float64,float64,float64,float64,float64,float64,float64,float64,float64,float64,float64,float64,float64,float64,float64,float64,float64,float64,float64,float64,float64,float64,float64,float64,float64,float64,float64,float64,float64,float64,float64,float64,float64,float64,float64,float64,float64,float64,float64,float64,float64,float64,float64,float64,float64,float64,float64,float64,float64,float64,float64,float64,float64,float64,float64,float64,float64,float64,float64,float64,float64,float64,float64,float64,float64,float64,float64,float64,float64,float64,float64,float64,float64,float64,float64,float64,float64,float64,float64,float64,float64,float64,float64,float64,float64,float64,float64,float64,float64,float64,float64,float64,float64,float64,float64,float64,float64,float64,float64,float64,int64,int64,int64,int64,int64,int64,object,float64,int64,int64,int64,int64,object,float64,int64,int64,int64,int64,int64,int64,int64,int64,int64,int64,float64,float64,float64,float64,float64,float64,float64,float64,float64,float64,float64,float64,float64,float64,float64,float64,float64,float64,float64,float64,float64,float64,float64,float64,int64,int64,int64,int64,int64,int64,float64,float64,float64,float64,float64,float64,int64,int64,int64,int64,int64,int64,float64,float64,float64,float64,float64,float64,int64,int64,int64,int64,int64,int64,float64,float64,float64,float64,float64,float64,int64,int64,int64,int64,int64,int64,float64,float64,float64,float64,float64,float64,float64,float64,object,float64,object,float64,float64,float64,object,float64,object,float64
object,int64,object,int64,int64,int64,int64,int64,int64,object,float64,float64,float64,object,float64,object,float64,float64,float64,object,float64,object,float64,float64,float64,object,float64,object,float64,float64,float64,object,float64,float64,float64,float64,float64,float64,float64,float64,float64,float64,float64,float64,float64,float64,float64,float64,float64,float64,float64,float64,float64,float64,float64,float64,float64,float64,float64,float64,float64,float64,float64,float64,float64,float64,float64,float64,float64,float64,float64,float64,float64,float64,float64,float64,float64,float64,float64,float64,float64,float64,float64,float64,float64,float64,float64,float64,float64,float64,float64,float64,float64,float64,float64,float64,float64,float64,float64,float64,float64,float64,float64,float64,float64,float64,float64,float64,float64,float64,float64,float64,float64,float64,float64,float64,float64,float64,float64,float64,float64,float64,float64,float64,float64,float64,float64,float64,float64,float64,float64,float64,float64,float64,float64,int64,int64,int64,int64,int64,int64,object,float64,int64,int64,int64,int64,object,float64,int64,int64,int64,int64,int64,int64,int64,int64,int64,int64,float64,float64,float64,float64,float64,float64,float64,float64,float64,float64,float64,float64,float64,float64,float64,float64,float64,float64,float64,float64,float64,float64,float64,float64,int64,int64,int64,int64,int64,int64,float64,float64,float64,float64,float64,float64,int64,int64,int64,int64,int64,int64,float64,float64,float64,float64,float64,float64,int64,int64,int64,int64,int64,int64,float64,float64,float64,float64,float64,float64,int64,int64,int64,int64,int64,int64,float64,float64,float64,float64,float64,float64,float64,float64,object,float64,object,float64,float64,float64,object,float64,object,float64
object,int64,object,int64,int64,int64,int64,int64,int64,object,float64,float64,float64,object,float64,object,float64,float64,float64,object,float64,object,float64,float64,float64,object,float64,object,float64,float64,float64,object,float64,object,float64,float64,float64,object,float64,float64,float64,float64,float64,float64,float64,float64,float64,float64,float64,float64,float64,float64,float64,float64,float64,float64,float64,float64,float64,float64,float64,float64,float64,float64,float64,float64,float64,float64,float64,float64,float64,float64,float64,float64,float64,float64,float64,float64,float64,float64,float64,float64,float64,float64,float64,float64,float64,float64,float64,float64,float64,float64,float64,float64,float64,float64,float64,float64,float64,float64,float64,float64,float64,float64,float64,float64,float64,float64,float64,float64,float64,float64,float64,float64,float64,float64,float64,float64,float64,float64,float64,float64,float64,float64,float64,float64,float64,float64,float64,float64,float64,float64,float64,float64,float64,float64,float64,float64,float64,float64,float64,int64,int64,int64,int64,int64,int64,object,float64,int64,int64,int64,int64,object,float64,int64,int64,int64,int64,int64,int64,int64,int64,int64,int64,float64,float64,float64,float64,float64,float64,float64,float64,float64,float64,float64,float64,float64,float64,float64,float64,float64,float64,float64,float64,float64,float64,float64,float64,int64,int64,int64,int64,int64,int64,float64,float64,float64,float64,float64,float64,int64,int64,int64,int64,int64,int64,float64,float64,float64,float64,float64,float64,int64,int64,int64,int64,int64,int64,float64,float64,float64,float64,float64,float64,int64,int64,int64,int64,int64,int64,float64,float64,float64,float64,float64,float64,float64,float64,object,float64,object,float64,float64,float64,object,float64,object,float64
object,int64,object,int64,int64,int64,int64,int64,int64,object,float64,float64,float64,object,float64,object,float64,float64,float64,object,float64,object,float64,float64,float64,object,float64,object,float64,float64,float64,object,float64,object,float64,float64,float64,object,float64,float64,float64,float64,float64,float64,float64,float64,float64,float64,float64,float64,float64,float64,float64,float64,float64,float64,float64,float64,float64,float64,float64,float64,float64,float64,float64,float64,float64,float64,float64,float64,float64,float64,float64,float64,float64,float64,float64,float64,float64,float64,float64,float64,float64,float64,float64,float64,float64,float64,float64,float64,float64,float64,float64,float64,float64,float64,float64,float64,float64,float64,float64,float64,float64,float64,float64,float64,float64,float64,float64,float64,float64,float64,float64,float64,float64,float64,float64,float64,float64,float64,float64,float64,float64,float64,float64,float64,float64,float64,float64,float64,float64,float64,float64,float64,float64,float64,float64,float64,float64,float64,float64,int64,int64,int64,int64,int64,int64,object,float64,int64,int64,int64,int64,object,float64,int64,int64,int64,int64,int64,int64,int64,int64,int64,int64,float64,float64,float64,float64,float64,float64,float64,float64,float64,float64,float64,float64,float64,float64,float64,float64,float64,float64,float64,float64,float64,float64,float64,float64,int64,int64,int64,int64,int64,int64,float64,float64,float64,float64,float64,float64,int64,int64,int64,int64,int64,int64,float64,float64,float64,float64,float64,float64,int64,int64,int64,int64,int64,int64,float64,float64,float64,float64,float64,float64,int64,int64,int64,int64,int64,int64,float64,float64,float64,float64,float64,float64,float64,float64,object,float64,object,float64,float64,float64,object,float64,object,float64
object,int64,object,int64,int64,int64,int64,int64,int64,object,float64,float64,float64,object,float64,object,float64,float64,float64,object,float64,object,float64,float64,float64,object,float64,object,float64,float64,float64,object,float64,object,float64,float64,float64,object,float64,float64,float64,float64,float64,float64,float64,float64,float64,float64,float64,float64,float64,float64,float64,float64,float64,float64,float64,float64,float64,float64,float64,float64,float64,float64,float64,float64,float64,float64,float64,float64,float64,float64,float64,float64,float64,float64,float64,float64,float64,float64,float64,float64,float64,float64,float64,float64,float64,float64,float64,float64,float64,float64,float64,float64,float64,float64,float64,float64,float64,float64,float64,float64,float64,float64,float64,float64,float64,float64,float64,float64,float64,float64,float64,float64,float64,float64,float64,float64,float64,float64,float64,float64,float64,float64,float64,float64,float64,float64,float64,float64,float64,float64,float64,float64,float64,float64,float64,float64,float64,float64,float64,int64,int64,int64,int64,int64,int64,object,float64,int64,int64,int64,int64,object,float64,int64,int64,int64,int64,int64,int64,int64,int64,int64,int64,float64,float64,float64,float64,float64,float64,float64,float64,float64,float64,float64,float64,float64,float64,float64,float64,float64,float64,float64,float64,float64,float64,float64,float64,int64,int64,int64,int64,int64,int64,float64,float64,float64,float64,float64,float64,int64,int64,int64,int64,int64,int64,float64,float64,float64,float64,float64,float64,int64,int64,int64,int64,int64,int64,float64,float64,float64,float64,float64,float64,int64,int64,int64,int64,int64,int64,float64,float64,float64,float64,float64,float64,float64,float64,object,float64,object,float64,float64,float64,object,float64,object,float64
object,int64,object,int64,int64,int64,int64,int64,int64,float64,float64,float64,float64,float64,float64,float64,float64,float64,float64,float64,float64,float64,float64,float64,float64,float64,float64,float64,float64,float64,float64,float64,float64,float64,float64,float64,float64,float64,float64,float64,float64,float64,float64,float64,float64,float64,float64,float64,float64,float64,float64,float64,float64,float64,float64,float64,float64,float64,float64,float64,float64,float64,float64,float64,float64,float64,float64,float64,float64,float64,float64,float64,float64,float64,float64,float64,float64,float64,float64,float64,float64,float64,float64,float64,float64,float64,float64,float64,float64,float64,float64,float64,float64,float64,float64,float64,float64,float64,float64,float64,float64,float64,float64,float64,float64,float64,float64,float64,float64,float64,float64,float64,float64,float64,float64,float64,float64,float64,float64,float64,float64,float64,float64,float64,float64,float64,float64,float64,float64,float64,float64,float64,float64,float64,float64,float64,float64,float64,float64,float64,float64,int64,int64,int64,int64,int64,int64,float64,float64,int64,int64,int64,int64,float64,float64,int64,int64,int64,int64,int64,int64,int64,int64,int64,int64,float64,float64,float64,float64,float64,float64,float64,float64,float64,float64,float64,float64,float64,float64,float64,float64,float64,float64,float64,float64,float64,float64,float64,float64,int64,int64,int64,int64,int64,int64,float64,float64,float64,float64,float64,float64,int64,int64,int64,int64,int64,int64,float64,float64,float64,float64,float64,float64,int64,int64,int64,int64,int64,int64,float64,float64,float64,float64,float64,float64,int64,int64,int64,int64,int64,int64,float64,float64,float64,float64,float64,float64,float64,float64,float64,float64,float64,float64,float64,float64,float64,float64,float64,float64
object,int64,object,int64,int64,int64,int64,int64,int64,float64,float64,float64,float64,float64,float64,float64,float64,float64,float64,float64,float64,float64,float64,float64,float64,float64,float64,float64,float64,float64,float64,float64,float64,float64,float64,float64,float64,float64,float64,float64,float64,float64,float64,float64,float64,float64,float64,float64,float64,float64,float64,float64,float64,float64,float64,float64,float64,float64,float64,float64,float64,float64,float64,float64,float64,float64,float64,float64,float64,float64,float64,float64,float64,float64,float64,float64,float64,float64,float64,float64,float64,float64,float64,float64,float64,float64,float64,float64,float64,float64,float64,float64,float64,float64,float64,float64,float64,float64,float64,float64,float64,float64,float64,float64,float64,float64,float64,float64,float64,float64,float64,float64,float64,float64,float64,float64,float64,float64,float64,float64,float64,float64,float64,float64,float64,float64,float64,float64,float64,float64,float64,float64,float64,float64,float64,float64,float64,float64,float64,float64,float64,int64,int64,int64,int64,int64,int64,float64,float64,int64,int64,int64,int64,float64,float64,int64,int64,int64,int64,int64,int64,int64,int64,int64,int64,float64,float64,float64,float64,float64,float64,float64,float64,float64,float64,float64,float64,float64,float64,float64,float64,float64,float64,float64,float64,float64,float64,float64,float64,int64,int64,int64,int64,int64,int64,float64,float64,float64,float64,float64,float64,int64,int64,int64,int64,int64,int64,float64,float64,float64,float64,float64,float64,int64,int64,int64,int64,int64,int64,float64,float64,float64,float64,float64,float64,int64,int64,int64,int64,int64,int64,float64,float64,float64,float64,float64,float64,float64,float64,float64,float64,float64,float64,float64,float64,float64,float64,float64,float64
object,int64,object,int64,int64,int64,int64,int64,int64,float64,float64,float64,float64,float64,float64,float64,float64,float64,float64,float64,float64,float64,float64,float64,float64,float64,float64,float64,float64,float64,float64,float64,float64,float64,float64,float64,float64,float64,float64,float64,float64,float64,float64,float64,float64,float64,float64,float64,float64,float64,float64,float64,float64,float64,float64,float64,float64,float64,float64,float64,float64,float64,float64,float64,float64,float64,float64,float64,float64,float64,float64,float64,float64,float64,float64,float64,float64,float64,float64,float64,float64,float64,float64,float64,float64,float64,float64,float64,float64,float64,float64,float64,float64,float64,float64,float64,float64,float64,float64,float64,float64,float64,float64,float64,float64,float64,float64,float64,float64,float64,float64,float64,float64,float64,float64,float64,float64,float64,float64,float64,float64,float64,float64,float64,float64,float64,float64,float64,float64,float64,float64,float64,float64,float64,float64,float64,float64,float64,float64,float64,float64,int64,int64,int64,int64,int64,int64,float64,float64,int64,int64,int64,int64,float64,float64,int64,int64,int64,int64,int64,int64,int64,int64,int64,int64,float64,float64,float64,float64,float64,float64,float64,float64,float64,float64,float64,float64,float64,float64,float64,float64,float64,float64,float64,float64,float64,float64,float64,float64,int64,int64,int64,int64,int64,int64,float64,float64,float64,float64,float64,float64,int64,int64,int64,int64,int64,int64,float64,float64,float64,float64,float64,float64,int64,int64,int64,int64,int64,int64,float64,float64,float64,float64,float64,float64,int64,int64,int64,int64,int64,int64,float64,float64,float64,float64,float64,float64,float64,float64,float64,float64,float64,float64,float64,float64,float64,float64,float64,float64
object,int64,object,int64,int64,int64,int64,int64,int64,float64,float64,float64,float64,float64,float64,float64,float64,float64,float64,float64,float64,float64,float64,float64,float64,float64,float64,float64,float64,float64,float64,float64,float64,float64,float64,float64,float64,float64,float64,float64,float64,float64,float64,float64,float64,float64,float64,float64,float64,float64,float64,float64,float64,float64,float64,float64,float64,float64,float64,float64,float64,float64,float64,float64,float64,float64,float64,float64,float64,float64,float64,float64,float64,float64,float64,float64,float64,float64,float64,float64,float64,float64,float64,float64,float64,float64,float64,float64,float64,float64,float64,float64,float64,float64,float64,float64,float64,float64,float64,float64,float64,float64,float64,float64,float64,float64,float64,float64,float64,float64,float64,float64,float64,float64,float64,float64,float64,float64,float64,float64,float64,float64,float64,float64,float64,float64,float64,float64,float64,float64,float64,float64,float64,float64,float64,float64,float64,float64,float64,float64,float64,int64,int64,int64,int64,int64,int64,float64,float64,int64,int64,int64,int64,float64,float64,int64,int64,int64,int64,int64,int64,int64,int64,int64,int64,float64,float64,float64,float64,float64,float64,float64,float64,float64,float64,float64,float64,float64,float64,float64,float64,float64,float64,float64,float64,float64,float64,float64,float64,int64,int64,int64,int64,int64,int64,float64,float64,float64,float64,float64,float64,int64,int64,int64,int64,int64,int64,float64,float64,float64,float64,float64,float64,int64,int64,int64,int64,int64,int64,float64,float64,float64,float64,float64,float64,int64,int64,int64,int64,int64,int64,float64,float64,float64,float64,float64,float64,float64,float64,float64,float64,float64,float64,float64,float64,float64,float64,float64,float64
object,int64,object,int64,int64,int64,int64,int64,int64,float64,float64,float64,float64,float64,float64,float64,float64,float64,float64,float64,float64,float64,float64,float64,float64,float64,float64,float64,float64,float64,float64,float64,float64,float64,float64,float64,float64,float64,float64,float64,float64,float64,float64,float64,float64,float64,float64,float64,float64,float64,float64,float64,float64,float64,float64,float64,float64,float64,float64,float64,float64,float64,float64,float64,float64,float64,float64,float64,float64,float64,float64,float64,float64,float64,float64,float64,float64,float64,float64,float64,float64,float64,float64,float64,float64,float64,float64,float64,float64,float64,float64,float64,float64,float64,float64,float64,float64,float64,float64,float64,float64,float64,float64,float64,float64,float64,float64,float64,float64,float64,float64,float64,float64,float64,float64,float64,float64,float64,float64,float64,float64,float64,float64,float64,float64,float64,float64,float64,float64,float64,float64,float64,float64,float64,float64,float64,float64,float64,float64,float64,float64,int64,int64,int64,int64,int64,int64,float64,float64,int64,int64,int64,int64,float64,float64,int64,int64,int64,int64,int64,int64,int64,int64,int64,int64,float64,float64,float64,float64,float64,float64,float64,float64,float64,float64,float64,float64,float64,float64,float64,float64,float64,float64,float64,float64,float64,float64,float64,float64,int64,int64,int64,int64,int64,int64,float64,float64,float64,float64,float64,float64,int64,int64,int64,int64,int64,int64,float64,float64,float64,float64,float64,float64,int64,int64,int64,int64,int64,int64,float64,float64,float64,float64,float64,float64,int64,int64,int64,int64,int64,int64,float64,float64,float64,float64,float64,float64,float64,float64,float64,float64,float64,float64,float64,float64,float64,float64,float64,float64
object,int64,object,int64,int64,float64,float64,int64,int64,float64,float64,int64,int64,float64,float64,float64,float64,float64,float64,int64,int64,float64,float64,float64,float64,float64,float64,float64,float64,float64,float64,int64,int64,float64,float64,float64,float64,float64,float64,float64,float64,float64,float64,int64,int64,float64,float64,float64,float64,float64,float64,float64,float64,float64,float64,int64,int64,float64,float64,float64,float64,float64,float64,float64,float64,float64,float64,int64,int64,float64,float64,float64,float64,float64,float64,int64,int64,float64,float64,int64,int64,float64,float64,int64,int64,float64,float64,int64,int64,float64,float64,int64,int64,float64,float64,int64,int64,float64,float64,int64,int64,float64,float64,int64,int64,float64,float64,int64,int64,float64,float64,int64,int64,float64,float64,int64,int64,float64,float64,int64,int64,float64,float64,int64,int64,float64,float64,int64,int64,float64,float64,int64,int64,float64,float64,int64,int64,float64,float64,int64,int64,float64,float64,int64,int64,float64,float64,int64,int64,float64,float64,int64,int64,float64,float64,int64,int64,float64,float64,int64,int64,float64,float64,int64,int64,float64,float64,int64,int64,float64,float64,float64,float64,float64,float64,float64,float64,float64,float64,float64,float64,float64,float64,float64,float64,float64,float64,float64,float64,float64,float64,float64,float64,float64,float64,float64,float64,float64,float64,float64,float64,float64,float64,float64,float64,float64,float64,float64,float64,float64,float64,float64,float64,float64,float64,float64,float64,float64,float64,float64,float64,float64,float64,float64,float64,float64,float64,float64,float64,float64,float64,float64,float64,float64,float64,float64,float64,float64,float64,float64,float64,float64,float64,float64,float64,float64,float64,float64,float64,float64,float64,float64,float64,float64,float64,int64,int64,float64,float64,int64,int64,float64,float64,int64,int64,float64,float64,int64,int64,float64,float64,int64,int64,float64,float64,int64,int64,float64,float64,float64,float64,float64,float64,int64,int64,float64,float64,int64,int64,float64,float64,float64,float64,float64,float64,int64,int64,float64,float64,int64,int64,float64,float64,int64,int64,float64,float64,int64,int64,float64,float64,int64,int64,float64,float64,int64,int64,float64,float64,int64,int64,float64,float64,int64,int64,float64,float64,int64,int64,float64,float64,int64,int64,float64,float64,int64,int64,float64,float64,int64,int64,float64,float64,int64,int64,float64,float64,int64,int64,float64,float64,int64,int64,float64,float64,int64,int64,float64,float64,int64,int64,float64,float64,int64,int64,float64,float64,int64,int64,float64,float64,int64,int64,float64,float64,float64,float64,float64,float64,float64,float64,float64,float64,float64,float64,float64,float64,int64,int64,float64,float64,int64,int64,float64,float64,int64,int64,float64,float64,float64,float64,float64,float64,float64,float64,float64,float64,float64,float64,float64,float64,int64,int64,float64,float64,int64,int64,float64,float64,int64,int64,float64,float64,int64,int64,float64,float64,int64,int64,float64,float64,int64,int64,float64,float64,int64,int64,float64,float64,int64,int64,float64,float64,int64,int64,float64,float64,int64,int64,float64,float64,int64,int64,float64,float64,int64,int64,float64,float64,int64,int64,float64,float64,int64,int64,float64,float64,int64,int64,float64,float64,int64,int64,float64,float64,int64,int64,float64,float64,int64,int64,float64,float64
object,int64,object,int64,int64,float64,float64,int64,int64,float64,float64,int64,int64,float64,float64,float64,float64,float64,float64,int64,int64,float64,float64,float64,float64,float64,float64,float64,float64,float64,float64,int64,int64,float64,float64,float64,float64,float64,float64,float64,float64,float64,float64,int64,int64,float64,float64,float64,float64,float64,float64,float64,float64,float64,float64,int64,int64,float64,float64,float64,float64,float64,float64,float64,float64,float64,float64,int64,int64,float64,float64,float64,float64,float64,float64,int64,int64,float64,float64,int64,int64,float64,float64,int64,int64,float64,float64,int64,int64,float64,float64,int64,int64,float64,float64,int64,int64,float64,float64,int64,int64,float64,float64,int64,int64,float64,float64,int64,int64,float64,float64,int64,int64,float64,float64,int64,int64,float64,float64,int64,int64,float64,float64,int64,int64,float64,float64,int64,int64,float64,float64,int64,int64,float64,float64,int64,int64,float64,float64,int64,int64,float64,float64,int64,int64,float64,float64,int64,int64,float64,float64,int64,int64,float64,float64,int64,int64,float64,float64,int64,int64,float64,float64,int64,int64,float64,float64,int64,int64,float64,float64,float64,float64,float64,float64,float64,float64,float64,float64,float64,float64,float64,float64,float64,float64,float64,float64,float64,float64,float64,float64,float64,float64,float64,float64,float64,float64,float64,float64,float64,float64,float64,float64,float64,float64,float64,float64,float64,float64,float64,float64,float64,float64,float64,float64,float64,float64,float64,float64,float64,float64,float64,float64,float64,float64,float64,float64,float64,float64,float64,float64,int64,int64,float64,float64,int64,int64,float64,float64,int64,int64,float64,float64,int64,int64,float64,float64,int64,int64,float64,float64,int64,int64,float64,float64,int64,int64,float64,float64,int64,int64,float64,float64,int64,int64,float64,float64,int64,int64,float64,float64,int64,int64,float64,float64,int64,int64,float64,float64,float64,float64,float64,float64,int64,int64,float64,float64,int64,int64,float64,float64,float64,float64,float64,float64,int64,int64,float64,float64,int64,int64,float64,float64,int64,int64,float64,float64,int64,int64,float64,float64,int64,int64,float64,float64,int64,int64,float64,float64,int64,int64,float64,float64,int64,int64,float64,float64,int64,int64,float64,float64,int64,int64,float64,float64,int64,int64,float64,float64,int64,int64,float64,float64,int64,int64,float64,float64,int64,int64,float64,float64,int64,int64,float64,float64,int64,int64,float64,float64,int64,int64,float64,float64,int64,int64,float64,float64,int64,int64,float64,float64,int64,int64,float64,float64,float64,float64,float64,float64,float64,float64,float64,float64,float64,float64,float64,float64,int64,int64,float64,float64,int64,int64,float64,float64,int64,int64,float64,float64,float64,float64,float64,float64,float64,float64,float64,float64,float64,float64,float64,float64,int64,int64,float64,float64,int64,int64,float64,float64,int64,int64,float64,float64,int64,int64,float64,float64,int64,int64,float64,float64,int64,int64,float64,float64,int64,int64,float64,float64,int64,int64,float64,float64,int64,int64,float64,float64,int64,int64,float64,float64,int64,int64,float64,float64,int64,int64,float64,float64,int64,int64,float64,float64,int64,int64,float64,float64,int64,int64,float64,float64,int64,int64,float64,float64,int64,int64,float64,float64,int64,int64,float64,float64
